<?xml version="1.0" encoding="UTF-8"?>
<SpriteSheet maxComponents="1" paletteGroups="1">
	<PaletteList>
		<Palette id="0" src="Palette_00.png"/>
		<Palette id="1" src="Palette_01.png"/>
		<Palette id="2" src="Palette_02.png"/>
		<Palette id="3" src="Palette_03.png"/>
	</PaletteList>
	<RasterList>
		<Raster id="0" palette="0" src="Raster_00.png"/>
		<Raster id="1" palette="0" src="Raster_01.png"/>
		<Raster id="2" palette="0" src="Raster_02.png"/>
		<Raster id="3" palette="0" src="Raster_03.png"/>
		<Raster id="4" palette="0" src="Raster_04.png"/>
		<Raster id="5" palette="0" src="Raster_05.png"/>
		<Raster id="6" palette="0" src="Raster_06.png"/>
		<Raster id="7" palette="0" src="Raster_07.png"/>
		<Raster id="8" palette="0" src="Raster_08.png"/>
		<Raster id="9" palette="3" src="Raster_09.png"/>
	</RasterList>
	<AnimationList>
		<Animation name="Still">
			<Component name="Body" xyz="0,0,0">
				<Command val="1000"/>
				<Command val="2"/>
				<Command val="2000"/>
			</Component>
			<Component name="Eyes" xyz="0,30,0">
				<Command val="1001"/>
				<Command val="2"/>
				<Command val="2000"/>
			</Component>
			<Component name="Mouth" xyz="0,23,0">
				<Command val="1004"/>
				<Command val="2"/>
				<Command val="2000"/>
			</Component>
		</Animation>
		<Animation name="Idle">
			<Component name="Body" xyz="0,0,0">
				<Command val="1000"/>
				<Command val="20"/>
				<Command val="3000"/>
				<Command val="0"/>
				<Command val="2"/>
				<Command val="0"/>
				<Command val="20"/>
				<Command val="2000"/>
			</Component>
			<Component name="Eyes" xyz="0,30,0">
				<Command val="1001"/>
				<Command val="20"/>
				<Command val="3000"/>
				<Command val="0"/>
				<Command val="2"/>
				<Command val="0"/>
				<Command val="20"/>
				<Command val="2000"/>
			</Component>
			<Component name="Mouth" xyz="0,23,0">
				<Command val="1004"/>
				<Command val="20"/>
				<Command val="3000"/>
				<Command val="0"/>
				<Command val="2"/>
				<Command val="0"/>
				<Command val="20"/>
				<Command val="2000"/>
			</Component>
		</Animation>
	</AnimationList>
</SpriteSheet>
