<?xml version="1.0" encoding="UTF-8"?>
<SpriteSheet maxComponents="E" paletteGroups="1">
	<PaletteList>
		<Palette id="0" src="Palette_00.png"/>
		<Palette id="1" src="Palette_01.png"/>
		<Palette id="2" src="Palette_02.png"/>
		<Palette id="3" src="Palette_03.png"/>
		<Palette id="4" src="Palette_04.png"/>
		<Palette id="5" name="ChuckCola" src="chuckola.pal.png"/>
	</PaletteList>
	<RasterList>
		<Raster id="0" palette="0" src="Raster_00.png"/>
		<Raster id="1" palette="0" src="Raster_01.png"/>
		<Raster id="2" palette="0" src="Raster_02.png"/>
		<Raster id="3" palette="0" src="Raster_03.png"/>
		<Raster id="4" palette="0" src="Raster_04.png"/>
		<Raster id="5" palette="0" src="Raster_05.png"/>
		<Raster id="6" palette="0" src="Raster_06.png"/>
		<Raster id="7" palette="0" src="Raster_07.png"/>
		<Raster id="8" palette="0" src="Raster_08.png"/>
		<Raster id="9" palette="0" src="Raster_09.png"/>
		<Raster id="A" palette="0" src="Raster_0A.png"/>
		<Raster id="B" palette="0" src="Raster_0B.png"/>
		<Raster id="C" palette="0" src="Raster_0C.png"/>
		<Raster id="D" palette="0" src="Raster_0D.png"/>
		<Raster id="E" palette="0" src="Raster_0E.png"/>
		<Raster id="F" palette="0" src="Raster_0F.png"/>
		<Raster id="10" palette="0" src="Raster_10.png"/>
		<Raster id="11" palette="0" src="Raster_11.png"/>
		<Raster id="12" palette="0" src="Raster_12.png"/>
		<Raster id="13" palette="0" src="Raster_13.png"/>
		<Raster id="14" palette="0" src="Raster_14.png"/>
		<Raster id="15" palette="4" src="Raster_15.png"/>
		<Raster id="16" palette="4" src="Raster_16.png"/>
		<Raster id="17" palette="4" src="Raster_17.png"/>
		<Raster id="18" palette="4" src="Raster_18.png"/>
		<Raster id="19" palette="4" src="Raster_19.png"/>
		<Raster id="1A" palette="4" src="Raster_1A.png"/>
		<Raster id="1B" palette="4" src="Raster_1B.png"/>
		<Raster id="1C" palette="4" src="Raster_1C.png"/>
		<Raster id="1D" palette="4" src="Raster_1D.png"/>
		<Raster id="1E" palette="4" src="Raster_1E.png"/>
		<Raster id="1F" palette="4" src="Raster_1F.png"/>
		<Raster id="20" palette="4" src="Raster_20.png"/>
		<Raster id="21" palette="4" src="Raster_21.png"/>
		<Raster id="22" palette="4" src="Raster_22.png"/>
		<Raster id="23" palette="4" src="Raster_23.png"/>
		<Raster id="24" palette="0" src="Raster_24.png"/>
		<Raster id="25" name="chuckola" palette="5" src="chuckola.png"/>
	</RasterList>
	<AnimationList>
		<Animation name="Still">
			<Component name="Torso" xyz="-2,2,-2">
				<Command val="810B"/>
				<Command val="1001"/>
				<Command val="2"/>
				<Command val="2000"/>
			</Component>
			<Component name="Head" xyz="1,27,0">
				<Command val="810B"/>
				<Command val="1000"/>
				<Command val="2"/>
				<Command val="2000"/>
			</Component>
			<Component name="LFoot" xyz="-34,-9,0">
				<Command val="810B"/>
				<Command val="1010"/>
				<Command val="2"/>
				<Command val="2000"/>
			</Component>
			<Component name="RFoot" xyz="30,-9,0">
				<Command val="810B"/>
				<Command val="1011"/>
				<Command val="2"/>
				<Command val="2000"/>
			</Component>
			<Component name="Eyes" xyz="-1,60,2">
				<Command val="810B"/>
				<Command val="1008"/>
				<Command val="2"/>
				<Command val="2000"/>
			</Component>
			<Component name="Mouth" xyz="-1,36,2">
				<Command val="810B"/>
				<Command val="100D"/>
				<Command val="2"/>
				<Command val="2000"/>
			</Component>
			<Component name="LStache" xyz="-15,46,4">
				<Command val="810B"/>
				<Command val="1004"/>
				<Command val="2"/>
				<Command val="2000"/>
			</Component>
			<Component name="RStache" xyz="11,45,4">
				<Command val="810B"/>
				<Command val="1005"/>
				<Command val="2"/>
				<Command val="2000"/>
			</Component>
			<Component name="Hat" xyz="2,72,4">
				<Command val="810B"/>
				<Command val="1006"/>
				<Command val="2"/>
				<Command val="2000"/>
			</Component>
			<Component name="RBrow" xyz="14,79,6">
				<Command val="810B"/>
				<Command val="1003"/>
				<Command val="2"/>
				<Command val="2000"/>
			</Component>
			<Component name="LBrow" xyz="-16,79,6">
				<Command val="810B"/>
				<Command val="1002"/>
				<Command val="2"/>
				<Command val="2000"/>
			</Component>
			<Component name="Offset" xyz="0,0,0">
				<Command val="3001"/>
				<Command val="0"/>
				<Command val="0"/>
				<Command val="0"/>
				<Command val="1"/>
				<Command val="3001"/>
				<Command val="0"/>
				<Command val="0"/>
				<Command val="0"/>
				<Command val="1"/>
				<Command val="2000"/>
			</Component>
		</Animation>
		<Animation name="Idle">
			<Component name="Torso" xyz="-2,2,-2">
				<Command val="810B"/>
				<Command val="1001"/>
				<Command val="2"/>
				<Command val="2000"/>
			</Component>
			<Component name="Head" xyz="1,27,0">
				<Command val="810C"/>
				<Command val="1000"/>
				<Command val="2"/>
				<Command val="2000"/>
			</Component>
			<Component name="LFoot" xyz="-34,-9,0">
				<Command val="3000"/>
				<Command val="0"/>
				<Command val="0"/>
				<Command val="0"/>
				<Command val="1010"/>
				<Command val="24"/>
				<Command val="3000"/>
				<Command val="0"/>
				<Command val="1"/>
				<Command val="0"/>
				<Command val="1010"/>
				<Command val="2"/>
				<Command val="3000"/>
				<Command val="0"/>
				<Command val="7"/>
				<Command val="0"/>
				<Command val="1012"/>
				<Command val="2"/>
				<Command val="3000"/>
				<Command val="0"/>
				<Command val="8"/>
				<Command val="0"/>
				<Command val="1012"/>
				<Command val="12"/>
				<Command val="3000"/>
				<Command val="0"/>
				<Command val="7"/>
				<Command val="0"/>
				<Command val="1012"/>
				<Command val="2"/>
				<Command val="2000"/>
			</Component>
			<Component name="RFoot" xyz="30,-9,0">
				<Command val="1011"/>
				<Command val="8"/>
				<Command val="3000"/>
				<Command val="0"/>
				<Command val="7"/>
				<Command val="0"/>
				<Command val="1013"/>
				<Command val="2"/>
				<Command val="3000"/>
				<Command val="0"/>
				<Command val="8"/>
				<Command val="0"/>
				<Command val="1013"/>
				<Command val="12"/>
				<Command val="3000"/>
				<Command val="0"/>
				<Command val="7"/>
				<Command val="0"/>
				<Command val="1013"/>
				<Command val="2"/>
				<Command val="3000"/>
				<Command val="0"/>
				<Command val="0"/>
				<Command val="0"/>
				<Command val="1011"/>
				<Command val="24"/>
				<Command val="3000"/>
				<Command val="0"/>
				<Command val="1"/>
				<Command val="0"/>
				<Command val="1011"/>
				<Command val="2"/>
				<Command val="2002"/>
			</Component>
			<Component name="Eyes" xyz="-1,60,2">
				<Command val="810C"/>
				<Command val="1009"/>
				<Command val="1C"/>
				<Command val="100C"/>
				<Command val="2"/>
				<Command val="1008"/>
				<Command val="1C"/>
				<Command val="100C"/>
				<Command val="2"/>
				<Command val="2000"/>
			</Component>
			<Component name="Mouth" xyz="-1,36,2">
				<Command val="810C"/>
				<Command val="100D"/>
				<Command val="5A"/>
				<Command val="3001"/>
				<Command val="0"/>
				<Command val="5"/>
				<Command val="0"/>
				<Command val="100E"/>
				<Command val="1E"/>
				<Command val="2000"/>
			</Component>
			<Component name="LStache" xyz="-15,46,4">
				<Command val="810C"/>
				<Command val="1004"/>
				<Command val="C0"/>
				<Command val="3001"/>
				<Command val="FFFA"/>
				<Command val="4"/>
				<Command val="0"/>
				<Command val="4000"/>
				<Command val="0"/>
				<Command val="FFE2"/>
				<Command val="1004"/>
				<Command val="6"/>
				<Command val="1004"/>
				<Command val="6"/>
				<Command val="3001"/>
				<Command val="FFFA"/>
				<Command val="4"/>
				<Command val="0"/>
				<Command val="4000"/>
				<Command val="0"/>
				<Command val="FFE2"/>
				<Command val="1004"/>
				<Command val="6"/>
				<Command val="2000"/>
			</Component>
			<Component name="RStache" xyz="11,45,4">
				<Command val="810C"/>
				<Command val="1005"/>
				<Command val="C0"/>
				<Command val="3001"/>
				<Command val="6"/>
				<Command val="4"/>
				<Command val="0"/>
				<Command val="4000"/>
				<Command val="0"/>
				<Command val="1E"/>
				<Command val="1005"/>
				<Command val="6"/>
				<Command val="1005"/>
				<Command val="6"/>
				<Command val="3001"/>
				<Command val="6"/>
				<Command val="4"/>
				<Command val="0"/>
				<Command val="4000"/>
				<Command val="0"/>
				<Command val="1E"/>
				<Command val="1005"/>
				<Command val="6"/>
				<Command val="2000"/>
			</Component>
			<Component name="Hat" xyz="2,72,4">
				<Command val="810C"/>
				<Command val="1006"/>
				<Command val="2"/>
				<Command val="1006"/>
				<Command val="10"/>
				<Command val="3001"/>
				<Command val="0"/>
				<Command val="2"/>
				<Command val="0"/>
				<Command val="1006"/>
				<Command val="E"/>
				<Command val="2003"/>
			</Component>
			<Component name="RBrow" xyz="14,79,6">
				<Command val="810C"/>
				<Command val="1003"/>
				<Command val="1E"/>
				<Command val="4000"/>
				<Command val="0"/>
				<Command val="FFF1"/>
				<Command val="1003"/>
				<Command val="1E"/>
				<Command val="2000"/>
			</Component>
			<Component name="LBrow" xyz="-16,79,6">
				<Command val="810C"/>
				<Command val="1002"/>
				<Command val="1E"/>
				<Command val="4000"/>
				<Command val="0"/>
				<Command val="C"/>
				<Command val="1002"/>
				<Command val="1E"/>
				<Command val="2000"/>
			</Component>
			<Component name="Motion1" xyz="0,0,0">
				<Command val="3001"/>
				<Command val="0"/>
				<Command val="0"/>
				<Command val="0"/>
				<Command val="2"/>
				<Command val="3001"/>
				<Command val="FFFF"/>
				<Command val="0"/>
				<Command val="0"/>
				<Command val="6"/>
				<Command val="3001"/>
				<Command val="FFFF"/>
				<Command val="2"/>
				<Command val="0"/>
				<Command val="10"/>
				<Command val="3001"/>
				<Command val="FFFF"/>
				<Command val="0"/>
				<Command val="0"/>
				<Command val="6"/>
				<Command val="3001"/>
				<Command val="0"/>
				<Command val="0"/>
				<Command val="0"/>
				<Command val="2"/>
				<Command val="3001"/>
				<Command val="1"/>
				<Command val="0"/>
				<Command val="0"/>
				<Command val="6"/>
				<Command val="3001"/>
				<Command val="1"/>
				<Command val="2"/>
				<Command val="0"/>
				<Command val="10"/>
				<Command val="3001"/>
				<Command val="1"/>
				<Command val="0"/>
				<Command val="0"/>
				<Command val="6"/>
				<Command val="2000"/>
			</Component>
			<Component name="Motion2" xyz="0,0,0">
				<Command val="810B"/>
				<Command val="3001"/>
				<Command val="0"/>
				<Command val="0"/>
				<Command val="0"/>
				<Command val="2"/>
				<Command val="3001"/>
				<Command val="FFFF"/>
				<Command val="0"/>
				<Command val="0"/>
				<Command val="2"/>
				<Command val="3001"/>
				<Command val="FFFE"/>
				<Command val="1"/>
				<Command val="0"/>
				<Command val="4"/>
				<Command val="3001"/>
				<Command val="FFFD"/>
				<Command val="2"/>
				<Command val="0"/>
				<Command val="10"/>
				<Command val="3001"/>
				<Command val="FFFE"/>
				<Command val="1"/>
				<Command val="0"/>
				<Command val="4"/>
				<Command val="3001"/>
				<Command val="FFFF"/>
				<Command val="0"/>
				<Command val="0"/>
				<Command val="2"/>
				<Command val="3001"/>
				<Command val="0"/>
				<Command val="0"/>
				<Command val="0"/>
				<Command val="2"/>
				<Command val="3001"/>
				<Command val="1"/>
				<Command val="0"/>
				<Command val="0"/>
				<Command val="2"/>
				<Command val="3001"/>
				<Command val="2"/>
				<Command val="1"/>
				<Command val="0"/>
				<Command val="4"/>
				<Command val="3001"/>
				<Command val="3"/>
				<Command val="2"/>
				<Command val="0"/>
				<Command val="10"/>
				<Command val="3001"/>
				<Command val="2"/>
				<Command val="1"/>
				<Command val="0"/>
				<Command val="4"/>
				<Command val="3001"/>
				<Command val="1"/>
				<Command val="0"/>
				<Command val="0"/>
				<Command val="2"/>
				<Command val="2000"/>
			</Component>
		</Animation>
		<Animation name="Jump">
			<Component name="Torso" xyz="-2,2,-2">
				<Command val="810C"/>
				<Command val="1001"/>
				<Command val="2"/>
				<Command val="2000"/>
			</Component>
			<Component name="Head" xyz="1,27,0">
				<Command val="810B"/>
				<Command val="1000"/>
				<Command val="2"/>
				<Command val="2000"/>
			</Component>
			<Component name="LFoot" xyz="-34,-9,0">
				<Command val="1010"/>
				<Command val="24"/>
				<Command val="3001"/>
				<Command val="0"/>
				<Command val="1"/>
				<Command val="0"/>
				<Command val="1010"/>
				<Command val="2"/>
				<Command val="3001"/>
				<Command val="0"/>
				<Command val="7"/>
				<Command val="0"/>
				<Command val="1012"/>
				<Command val="2"/>
				<Command val="3001"/>
				<Command val="0"/>
				<Command val="8"/>
				<Command val="0"/>
				<Command val="1012"/>
				<Command val="12"/>
				<Command val="3001"/>
				<Command val="0"/>
				<Command val="7"/>
				<Command val="0"/>
				<Command val="1012"/>
				<Command val="2"/>
				<Command val="2000"/>
			</Component>
			<Component name="RFoot" xyz="30,-9,0">
				<Command val="1011"/>
				<Command val="8"/>
				<Command val="3001"/>
				<Command val="0"/>
				<Command val="7"/>
				<Command val="0"/>
				<Command val="1013"/>
				<Command val="2"/>
				<Command val="3001"/>
				<Command val="0"/>
				<Command val="8"/>
				<Command val="0"/>
				<Command val="1013"/>
				<Command val="12"/>
				<Command val="3001"/>
				<Command val="0"/>
				<Command val="7"/>
				<Command val="0"/>
				<Command val="1013"/>
				<Command val="2"/>
				<Command val="1011"/>
				<Command val="24"/>
				<Command val="3001"/>
				<Command val="0"/>
				<Command val="1"/>
				<Command val="0"/>
				<Command val="1011"/>
				<Command val="2"/>
				<Command val="2002"/>
			</Component>
			<Component name="Eyes" xyz="-1,60,2">
				<Command val="810B"/>
				<Command val="1009"/>
				<Command val="1C"/>
				<Command val="100C"/>
				<Command val="2"/>
				<Command val="1008"/>
				<Command val="1C"/>
				<Command val="100C"/>
				<Command val="2"/>
				<Command val="2000"/>
			</Component>
			<Component name="Mouth" xyz="-1,36,2">
				<Command val="810B"/>
				<Command val="100D"/>
				<Command val="5A"/>
				<Command val="3001"/>
				<Command val="0"/>
				<Command val="4"/>
				<Command val="0"/>
				<Command val="100E"/>
				<Command val="1E"/>
				<Command val="2000"/>
			</Component>
			<Component name="LStache" xyz="-15,46,4">
				<Command val="810B"/>
				<Command val="1004"/>
				<Command val="C0"/>
				<Command val="3001"/>
				<Command val="FFFA"/>
				<Command val="4"/>
				<Command val="0"/>
				<Command val="4000"/>
				<Command val="0"/>
				<Command val="FFE2"/>
				<Command val="1004"/>
				<Command val="6"/>
				<Command val="1004"/>
				<Command val="6"/>
				<Command val="3001"/>
				<Command val="FFFA"/>
				<Command val="4"/>
				<Command val="0"/>
				<Command val="4000"/>
				<Command val="0"/>
				<Command val="FFE2"/>
				<Command val="1004"/>
				<Command val="6"/>
				<Command val="2000"/>
			</Component>
			<Component name="RStache" xyz="11,45,4">
				<Command val="810B"/>
				<Command val="1005"/>
				<Command val="C0"/>
				<Command val="3001"/>
				<Command val="6"/>
				<Command val="4"/>
				<Command val="0"/>
				<Command val="4000"/>
				<Command val="0"/>
				<Command val="1E"/>
				<Command val="1005"/>
				<Command val="6"/>
				<Command val="1005"/>
				<Command val="6"/>
				<Command val="3001"/>
				<Command val="6"/>
				<Command val="4"/>
				<Command val="0"/>
				<Command val="4000"/>
				<Command val="0"/>
				<Command val="1E"/>
				<Command val="1005"/>
				<Command val="6"/>
				<Command val="2000"/>
			</Component>
			<Component name="Hat" xyz="2,72,4">
				<Command val="810D"/>
				<Command val="1006"/>
				<Command val="2"/>
				<Command val="2000"/>
			</Component>
			<Component name="RBrow" xyz="14,79,6">
				<Command val="810B"/>
				<Command val="1003"/>
				<Command val="1E"/>
				<Command val="4000"/>
				<Command val="0"/>
				<Command val="FFF1"/>
				<Command val="1003"/>
				<Command val="1E"/>
				<Command val="2000"/>
			</Component>
			<Component name="LBrow" xyz="-16,79,6">
				<Command val="810B"/>
				<Command val="1002"/>
				<Command val="1E"/>
				<Command val="4000"/>
				<Command val="0"/>
				<Command val="C"/>
				<Command val="1002"/>
				<Command val="1E"/>
				<Command val="2000"/>
			</Component>
			<Component name="Motion1" xyz="0,0,0">
				<Command val="4"/>
				<Command val="3001"/>
				<Command val="0"/>
				<Command val="1"/>
				<Command val="0"/>
				<Command val="4"/>
				<Command val="3001"/>
				<Command val="0"/>
				<Command val="4"/>
				<Command val="0"/>
				<Command val="A"/>
				<Command val="3001"/>
				<Command val="0"/>
				<Command val="1"/>
				<Command val="0"/>
				<Command val="3001"/>
				<Command val="0"/>
				<Command val="0"/>
				<Command val="0"/>
				<Command val="10"/>
				<Command val="2001"/>
			</Component>
			<Component name="Motion2" xyz="0,0,0">
				<Command val="4"/>
				<Command val="3001"/>
				<Command val="0"/>
				<Command val="1"/>
				<Command val="0"/>
				<Command val="4"/>
				<Command val="3001"/>
				<Command val="0"/>
				<Command val="2"/>
				<Command val="0"/>
				<Command val="6"/>
				<Command val="3001"/>
				<Command val="0"/>
				<Command val="1"/>
				<Command val="0"/>
				<Command val="4"/>
				<Command val="3001"/>
				<Command val="0"/>
				<Command val="0"/>
				<Command val="0"/>
				<Command val="10"/>
				<Command val="2001"/>
			</Component>
			<Component name="Motion3" xyz="0,0,0">
				<Command val="4"/>
				<Command val="3001"/>
				<Command val="0"/>
				<Command val="1"/>
				<Command val="0"/>
				<Command val="4"/>
				<Command val="3001"/>
				<Command val="0"/>
				<Command val="5"/>
				<Command val="0"/>
				<Command val="C"/>
				<Command val="3001"/>
				<Command val="0"/>
				<Command val="1"/>
				<Command val="0"/>
				<Command val="3001"/>
				<Command val="0"/>
				<Command val="0"/>
				<Command val="0"/>
				<Command val="E"/>
				<Command val="2001"/>
			</Component>
		</Animation>
		<Animation name="Walk">
			<Component name="Torso" xyz="-2,2,-2">
				<Command val="810B"/>
				<Command val="1001"/>
				<Command val="2"/>
				<Command val="2000"/>
			</Component>
			<Component name="Head" xyz="1,27,0">
				<Command val="810C"/>
				<Command val="1000"/>
				<Command val="2"/>
				<Command val="2000"/>
			</Component>
			<Component name="LFoot" xyz="-34,-9,0">
				<Command val="3000"/>
				<Command val="0"/>
				<Command val="0"/>
				<Command val="0"/>
				<Command val="8201"/>
				<Command val="1010"/>
				<Command val="24"/>
				<Command val="3000"/>
				<Command val="0"/>
				<Command val="1"/>
				<Command val="0"/>
				<Command val="1010"/>
				<Command val="2"/>
				<Command val="3000"/>
				<Command val="0"/>
				<Command val="7"/>
				<Command val="0"/>
				<Command val="1012"/>
				<Command val="2"/>
				<Command val="3000"/>
				<Command val="0"/>
				<Command val="8"/>
				<Command val="0"/>
				<Command val="1012"/>
				<Command val="12"/>
				<Command val="3000"/>
				<Command val="0"/>
				<Command val="7"/>
				<Command val="0"/>
				<Command val="1012"/>
				<Command val="2"/>
				<Command val="2000"/>
			</Component>
			<Component name="RFoot" xyz="30,-9,0">
				<Command val="1011"/>
				<Command val="8"/>
				<Command val="3000"/>
				<Command val="0"/>
				<Command val="7"/>
				<Command val="0"/>
				<Command val="1013"/>
				<Command val="2"/>
				<Command val="3000"/>
				<Command val="0"/>
				<Command val="8"/>
				<Command val="0"/>
				<Command val="1013"/>
				<Command val="12"/>
				<Command val="3000"/>
				<Command val="0"/>
				<Command val="7"/>
				<Command val="0"/>
				<Command val="1013"/>
				<Command val="2"/>
				<Command val="3000"/>
				<Command val="0"/>
				<Command val="0"/>
				<Command val="0"/>
				<Command val="8201"/>
				<Command val="1011"/>
				<Command val="24"/>
				<Command val="3000"/>
				<Command val="0"/>
				<Command val="1"/>
				<Command val="0"/>
				<Command val="1011"/>
				<Command val="2"/>
				<Command val="2002"/>
			</Component>
			<Component name="Eyes" xyz="-1,60,2">
				<Command val="810C"/>
				<Command val="1009"/>
				<Command val="1C"/>
				<Command val="100C"/>
				<Command val="2"/>
				<Command val="1008"/>
				<Command val="1C"/>
				<Command val="100C"/>
				<Command val="2"/>
				<Command val="2000"/>
			</Component>
			<Component name="Mouth" xyz="-1,36,2">
				<Command val="810C"/>
				<Command val="100D"/>
				<Command val="5A"/>
				<Command val="3001"/>
				<Command val="0"/>
				<Command val="5"/>
				<Command val="0"/>
				<Command val="100E"/>
				<Command val="1E"/>
				<Command val="2000"/>
			</Component>
			<Component name="LStache" xyz="-15,46,4">
				<Command val="810C"/>
				<Command val="1004"/>
				<Command val="C0"/>
				<Command val="3001"/>
				<Command val="FFFA"/>
				<Command val="4"/>
				<Command val="0"/>
				<Command val="4000"/>
				<Command val="0"/>
				<Command val="FFE2"/>
				<Command val="1004"/>
				<Command val="6"/>
				<Command val="1004"/>
				<Command val="6"/>
				<Command val="3001"/>
				<Command val="FFFA"/>
				<Command val="4"/>
				<Command val="0"/>
				<Command val="4000"/>
				<Command val="0"/>
				<Command val="FFE2"/>
				<Command val="1004"/>
				<Command val="6"/>
				<Command val="2000"/>
			</Component>
			<Component name="RStache" xyz="11,45,4">
				<Command val="810C"/>
				<Command val="1005"/>
				<Command val="C0"/>
				<Command val="3001"/>
				<Command val="6"/>
				<Command val="4"/>
				<Command val="0"/>
				<Command val="4000"/>
				<Command val="0"/>
				<Command val="1E"/>
				<Command val="1005"/>
				<Command val="6"/>
				<Command val="1005"/>
				<Command val="6"/>
				<Command val="3001"/>
				<Command val="6"/>
				<Command val="4"/>
				<Command val="0"/>
				<Command val="4000"/>
				<Command val="0"/>
				<Command val="1E"/>
				<Command val="1005"/>
				<Command val="6"/>
				<Command val="2000"/>
			</Component>
			<Component name="Hat" xyz="2,72,4">
				<Command val="810C"/>
				<Command val="1006"/>
				<Command val="2"/>
				<Command val="1006"/>
				<Command val="10"/>
				<Command val="3001"/>
				<Command val="0"/>
				<Command val="2"/>
				<Command val="0"/>
				<Command val="1006"/>
				<Command val="E"/>
				<Command val="2003"/>
			</Component>
			<Component name="RBrow" xyz="14,79,6">
				<Command val="810C"/>
				<Command val="1003"/>
				<Command val="1E"/>
				<Command val="4000"/>
				<Command val="0"/>
				<Command val="FFF1"/>
				<Command val="1003"/>
				<Command val="1E"/>
				<Command val="2000"/>
			</Component>
			<Component name="LBrow" xyz="-16,79,6">
				<Command val="810C"/>
				<Command val="1002"/>
				<Command val="1E"/>
				<Command val="4000"/>
				<Command val="0"/>
				<Command val="C"/>
				<Command val="1002"/>
				<Command val="1E"/>
				<Command val="2000"/>
			</Component>
			<Component name="Motion1" xyz="0,0,0">
				<Command val="3001"/>
				<Command val="0"/>
				<Command val="0"/>
				<Command val="0"/>
				<Command val="2"/>
				<Command val="3001"/>
				<Command val="FFFF"/>
				<Command val="0"/>
				<Command val="0"/>
				<Command val="6"/>
				<Command val="3001"/>
				<Command val="FFFF"/>
				<Command val="2"/>
				<Command val="0"/>
				<Command val="10"/>
				<Command val="3001"/>
				<Command val="FFFF"/>
				<Command val="0"/>
				<Command val="0"/>
				<Command val="6"/>
				<Command val="3001"/>
				<Command val="0"/>
				<Command val="0"/>
				<Command val="0"/>
				<Command val="2"/>
				<Command val="3001"/>
				<Command val="1"/>
				<Command val="0"/>
				<Command val="0"/>
				<Command val="6"/>
				<Command val="3001"/>
				<Command val="1"/>
				<Command val="2"/>
				<Command val="0"/>
				<Command val="10"/>
				<Command val="3001"/>
				<Command val="1"/>
				<Command val="0"/>
				<Command val="0"/>
				<Command val="6"/>
				<Command val="2000"/>
			</Component>
			<Component name="Motion2" xyz="0,0,0">
				<Command val="810B"/>
				<Command val="3001"/>
				<Command val="0"/>
				<Command val="0"/>
				<Command val="0"/>
				<Command val="2"/>
				<Command val="3001"/>
				<Command val="FFFF"/>
				<Command val="0"/>
				<Command val="0"/>
				<Command val="2"/>
				<Command val="3001"/>
				<Command val="FFFE"/>
				<Command val="1"/>
				<Command val="0"/>
				<Command val="4"/>
				<Command val="3001"/>
				<Command val="FFFD"/>
				<Command val="2"/>
				<Command val="0"/>
				<Command val="10"/>
				<Command val="3001"/>
				<Command val="FFFE"/>
				<Command val="1"/>
				<Command val="0"/>
				<Command val="4"/>
				<Command val="3001"/>
				<Command val="FFFF"/>
				<Command val="0"/>
				<Command val="0"/>
				<Command val="2"/>
				<Command val="3001"/>
				<Command val="0"/>
				<Command val="0"/>
				<Command val="0"/>
				<Command val="2"/>
				<Command val="3001"/>
				<Command val="1"/>
				<Command val="0"/>
				<Command val="0"/>
				<Command val="2"/>
				<Command val="3001"/>
				<Command val="2"/>
				<Command val="1"/>
				<Command val="0"/>
				<Command val="4"/>
				<Command val="3001"/>
				<Command val="3"/>
				<Command val="2"/>
				<Command val="0"/>
				<Command val="10"/>
				<Command val="3001"/>
				<Command val="2"/>
				<Command val="1"/>
				<Command val="0"/>
				<Command val="4"/>
				<Command val="3001"/>
				<Command val="1"/>
				<Command val="0"/>
				<Command val="0"/>
				<Command val="2"/>
				<Command val="2000"/>
			</Component>
		</Animation>
		<Animation name="Run">
			<Component name="Torso" xyz="-2,2,-2">
				<Command val="810B"/>
				<Command val="1001"/>
				<Command val="2"/>
				<Command val="2000"/>
			</Component>
			<Component name="Head" xyz="1,27,0">
				<Command val="810C"/>
				<Command val="1000"/>
				<Command val="2"/>
				<Command val="2000"/>
			</Component>
			<Component name="LFoot" xyz="-34,-9,0">
				<Command val="3000"/>
				<Command val="0"/>
				<Command val="0"/>
				<Command val="0"/>
				<Command val="8201"/>
				<Command val="1010"/>
				<Command val="10"/>
				<Command val="3000"/>
				<Command val="0"/>
				<Command val="1"/>
				<Command val="0"/>
				<Command val="1010"/>
				<Command val="2"/>
				<Command val="3000"/>
				<Command val="0"/>
				<Command val="9"/>
				<Command val="0"/>
				<Command val="1012"/>
				<Command val="2"/>
				<Command val="3000"/>
				<Command val="0"/>
				<Command val="A"/>
				<Command val="0"/>
				<Command val="1012"/>
				<Command val="E"/>
				<Command val="3000"/>
				<Command val="0"/>
				<Command val="9"/>
				<Command val="0"/>
				<Command val="1012"/>
				<Command val="2"/>
				<Command val="2000"/>
			</Component>
			<Component name="RFoot" xyz="30,-9,0">
				<Command val="3000"/>
				<Command val="0"/>
				<Command val="9"/>
				<Command val="0"/>
				<Command val="1013"/>
				<Command val="2"/>
				<Command val="3000"/>
				<Command val="0"/>
				<Command val="A"/>
				<Command val="0"/>
				<Command val="1013"/>
				<Command val="E"/>
				<Command val="3000"/>
				<Command val="0"/>
				<Command val="9"/>
				<Command val="0"/>
				<Command val="1013"/>
				<Command val="2"/>
				<Command val="3000"/>
				<Command val="0"/>
				<Command val="0"/>
				<Command val="0"/>
				<Command val="8201"/>
				<Command val="1011"/>
				<Command val="10"/>
				<Command val="3000"/>
				<Command val="0"/>
				<Command val="1"/>
				<Command val="0"/>
				<Command val="1011"/>
				<Command val="2"/>
				<Command val="2000"/>
			</Component>
			<Component name="Eyes" xyz="-1,60,2">
				<Command val="810C"/>
				<Command val="100C"/>
				<Command val="2"/>
				<Command val="2000"/>
			</Component>
			<Component name="Mouth" xyz="-1,36,2">
				<Command val="810C"/>
				<Command val="100D"/>
				<Command val="5A"/>
				<Command val="3001"/>
				<Command val="0"/>
				<Command val="5"/>
				<Command val="0"/>
				<Command val="100E"/>
				<Command val="1E"/>
				<Command val="2000"/>
			</Component>
			<Component name="LStache" xyz="-15,46,4">
				<Command val="810C"/>
				<Command val="1004"/>
				<Command val="A"/>
				<Command val="3001"/>
				<Command val="FFFA"/>
				<Command val="4"/>
				<Command val="0"/>
				<Command val="4000"/>
				<Command val="0"/>
				<Command val="FFE2"/>
				<Command val="1004"/>
				<Command val="8"/>
				<Command val="1004"/>
				<Command val="A"/>
				<Command val="3001"/>
				<Command val="FFFA"/>
				<Command val="4"/>
				<Command val="0"/>
				<Command val="4000"/>
				<Command val="0"/>
				<Command val="FFE2"/>
				<Command val="1004"/>
				<Command val="8"/>
				<Command val="2000"/>
			</Component>
			<Component name="RStache" xyz="11,45,4">
				<Command val="810C"/>
				<Command val="1005"/>
				<Command val="A"/>
				<Command val="3001"/>
				<Command val="6"/>
				<Command val="4"/>
				<Command val="0"/>
				<Command val="4000"/>
				<Command val="0"/>
				<Command val="1E"/>
				<Command val="1005"/>
				<Command val="8"/>
				<Command val="1005"/>
				<Command val="A"/>
				<Command val="3001"/>
				<Command val="6"/>
				<Command val="4"/>
				<Command val="0"/>
				<Command val="4000"/>
				<Command val="0"/>
				<Command val="1E"/>
				<Command val="1005"/>
				<Command val="8"/>
				<Command val="2000"/>
			</Component>
			<Component name="Hat" xyz="2,72,4">
				<Command val="810C"/>
				<Command val="1006"/>
				<Command val="2"/>
				<Command val="1006"/>
				<Command val="A"/>
				<Command val="3001"/>
				<Command val="0"/>
				<Command val="2"/>
				<Command val="0"/>
				<Command val="1006"/>
				<Command val="8"/>
				<Command val="2003"/>
			</Component>
			<Component name="RBrow" xyz="14,79,6">
				<Command val="810C"/>
				<Command val="3001"/>
				<Command val="0"/>
				<Command val="FFFE"/>
				<Command val="0"/>
				<Command val="1003"/>
				<Command val="8"/>
				<Command val="3001"/>
				<Command val="0"/>
				<Command val="FFFC"/>
				<Command val="0"/>
				<Command val="1003"/>
				<Command val="A"/>
				<Command val="2000"/>
			</Component>
			<Component name="LBrow" xyz="-16,79,6">
				<Command val="810C"/>
				<Command val="3001"/>
				<Command val="0"/>
				<Command val="FFFE"/>
				<Command val="0"/>
				<Command val="1002"/>
				<Command val="8"/>
				<Command val="3001"/>
				<Command val="0"/>
				<Command val="FFFC"/>
				<Command val="0"/>
				<Command val="1002"/>
				<Command val="A"/>
				<Command val="2000"/>
			</Component>
			<Component name="Motion1" xyz="0,0,0">
				<Command val="3001"/>
				<Command val="0"/>
				<Command val="0"/>
				<Command val="0"/>
				<Command val="2"/>
				<Command val="3001"/>
				<Command val="FFFF"/>
				<Command val="1"/>
				<Command val="0"/>
				<Command val="4"/>
				<Command val="3001"/>
				<Command val="FFFF"/>
				<Command val="3"/>
				<Command val="0"/>
				<Command val="8"/>
				<Command val="3001"/>
				<Command val="FFFF"/>
				<Command val="1"/>
				<Command val="0"/>
				<Command val="4"/>
				<Command val="3001"/>
				<Command val="0"/>
				<Command val="0"/>
				<Command val="0"/>
				<Command val="2"/>
				<Command val="3001"/>
				<Command val="1"/>
				<Command val="1"/>
				<Command val="0"/>
				<Command val="4"/>
				<Command val="3001"/>
				<Command val="1"/>
				<Command val="3"/>
				<Command val="0"/>
				<Command val="8"/>
				<Command val="3001"/>
				<Command val="1"/>
				<Command val="1"/>
				<Command val="0"/>
				<Command val="4"/>
				<Command val="2000"/>
			</Component>
			<Component name="Motion2" xyz="0,0,0">
				<Command val="810B"/>
				<Command val="3001"/>
				<Command val="0"/>
				<Command val="0"/>
				<Command val="0"/>
				<Command val="2"/>
				<Command val="3001"/>
				<Command val="FFFF"/>
				<Command val="0"/>
				<Command val="0"/>
				<Command val="2"/>
				<Command val="3001"/>
				<Command val="FFFE"/>
				<Command val="1"/>
				<Command val="0"/>
				<Command val="2"/>
				<Command val="3001"/>
				<Command val="FFFD"/>
				<Command val="2"/>
				<Command val="0"/>
				<Command val="8"/>
				<Command val="3001"/>
				<Command val="FFFE"/>
				<Command val="1"/>
				<Command val="0"/>
				<Command val="2"/>
				<Command val="3001"/>
				<Command val="FFFF"/>
				<Command val="0"/>
				<Command val="0"/>
				<Command val="2"/>
				<Command val="3001"/>
				<Command val="0"/>
				<Command val="0"/>
				<Command val="0"/>
				<Command val="2"/>
				<Command val="3001"/>
				<Command val="1"/>
				<Command val="0"/>
				<Command val="0"/>
				<Command val="2"/>
				<Command val="3001"/>
				<Command val="2"/>
				<Command val="1"/>
				<Command val="0"/>
				<Command val="2"/>
				<Command val="3001"/>
				<Command val="3"/>
				<Command val="2"/>
				<Command val="0"/>
				<Command val="8"/>
				<Command val="3001"/>
				<Command val="2"/>
				<Command val="1"/>
				<Command val="0"/>
				<Command val="2"/>
				<Command val="3001"/>
				<Command val="1"/>
				<Command val="0"/>
				<Command val="0"/>
				<Command val="2"/>
				<Command val="2000"/>
			</Component>
		</Animation>
		<Animation name="Kick">
			<Component name="Torso" xyz="-2,2,-2">
				<Command val="1001"/>
				<Command val="20"/>
				<Command val="3001"/>
				<Command val="2"/>
				<Command val="0"/>
				<Command val="0"/>
				<Command val="1001"/>
				<Command val="10"/>
				<Command val="1001"/>
				<Command val="28"/>
				<Command val="2000"/>
			</Component>
			<Component name="Head" xyz="1,27,0">
				<Command val="810B"/>
				<Command val="1000"/>
				<Command val="2"/>
				<Command val="2000"/>
			</Component>
			<Component name="LFoot" xyz="-34,-9,0">
				<Command val="1010"/>
				<Command val="20"/>
				<Command val="3000"/>
				<Command val="FFFF"/>
				<Command val="0"/>
				<Command val="0"/>
				<Command val="1010"/>
				<Command val="2"/>
				<Command val="5000"/>
				<Command val="78"/>
				<Command val="3000"/>
				<Command val="FFF4"/>
				<Command val="8"/>
				<Command val="0"/>
				<Command val="1012"/>
				<Command val="8"/>
				<Command val="5000"/>
				<Command val="78"/>
				<Command val="3000"/>
				<Command val="FFF5"/>
				<Command val="8"/>
				<Command val="0"/>
				<Command val="1012"/>
				<Command val="4"/>
				<Command val="3000"/>
				<Command val="FFFF"/>
				<Command val="1"/>
				<Command val="0"/>
				<Command val="1010"/>
				<Command val="2"/>
				<Command val="1010"/>
				<Command val="28"/>
				<Command val="2000"/>
			</Component>
			<Component name="RFoot" xyz="30,-9,0">
				<Command val="1011"/>
				<Command val="20"/>
				<Command val="3000"/>
				<Command val="1"/>
				<Command val="0"/>
				<Command val="0"/>
				<Command val="1011"/>
				<Command val="10"/>
				<Command val="1011"/>
				<Command val="28"/>
				<Command val="2000"/>
			</Component>
			<Component name="Eyes" xyz="-1,60,2">
				<Command val="810B"/>
				<Command val="100C"/>
				<Command val="2"/>
				<Command val="2000"/>
			</Component>
			<Component name="Mouth" xyz="-1,36,2">
				<Command val="810B"/>
				<Command val="3001"/>
				<Command val="0"/>
				<Command val="5"/>
				<Command val="0"/>
				<Command val="100E"/>
				<Command val="20"/>
				<Command val="3001"/>
				<Command val="0"/>
				<Command val="4"/>
				<Command val="0"/>
				<Command val="100F"/>
				<Command val="10"/>
				<Command val="3001"/>
				<Command val="0"/>
				<Command val="5"/>
				<Command val="0"/>
				<Command val="100E"/>
				<Command val="28"/>
				<Command val="2000"/>
			</Component>
			<Component name="LStache" xyz="-15,46,4">
				<Command val="810B"/>
				<Command val="3001"/>
				<Command val="FFF8"/>
				<Command val="8"/>
				<Command val="0"/>
				<Command val="4000"/>
				<Command val="0"/>
				<Command val="FFD3"/>
				<Command val="1004"/>
				<Command val="34"/>
				<Command val="1004"/>
				<Command val="24"/>
				<Command val="2000"/>
			</Component>
			<Component name="RStache" xyz="11,45,4">
				<Command val="810B"/>
				<Command val="3001"/>
				<Command val="8"/>
				<Command val="8"/>
				<Command val="0"/>
				<Command val="4000"/>
				<Command val="0"/>
				<Command val="2D"/>
				<Command val="1005"/>
				<Command val="34"/>
				<Command val="1005"/>
				<Command val="24"/>
				<Command val="2000"/>
			</Component>
			<Component name="Hat" xyz="2,72,4">
				<Command val="810B"/>
				<Command val="1006"/>
				<Command val="26"/>
				<Command val="4000"/>
				<Command val="0"/>
				<Command val="FFF1"/>
				<Command val="1006"/>
				<Command val="12"/>
				<Command val="1006"/>
				<Command val="20"/>
				<Command val="2000"/>
			</Component>
			<Component name="RBrow" xyz="-16,79,6">
				<Command val="810B"/>
				<Command val="3001"/>
				<Command val="0"/>
				<Command val="FFFC"/>
				<Command val="0"/>
				<Command val="1002"/>
				<Command val="30"/>
				<Command val="1002"/>
				<Command val="28"/>
				<Command val="2000"/>
			</Component>
			<Component name="LBrow" xyz="15,79,6">
				<Command val="810B"/>
				<Command val="3001"/>
				<Command val="0"/>
				<Command val="FFFC"/>
				<Command val="0"/>
				<Command val="1003"/>
				<Command val="30"/>
				<Command val="1003"/>
				<Command val="28"/>
				<Command val="2000"/>
			</Component>
			<Component name="Motion1" xyz="0,0,0">
				<Command val="20"/>
				<Command val="3001"/>
				<Command val="5"/>
				<Command val="0"/>
				<Command val="0"/>
				<Command val="2"/>
				<Command val="3001"/>
				<Command val="8"/>
				<Command val="FFFF"/>
				<Command val="0"/>
				<Command val="C"/>
				<Command val="3001"/>
				<Command val="7"/>
				<Command val="FFFF"/>
				<Command val="0"/>
				<Command val="4"/>
				<Command val="3001"/>
				<Command val="2"/>
				<Command val="0"/>
				<Command val="0"/>
				<Command val="2"/>
				<Command val="24"/>
				<Command val="2000"/>
			</Component>
		</Animation>
		<Animation name="Death">
			<Component name="Torso" xyz="-2,2,-2">
				<Command val="810C"/>
				<Command val="1001"/>
				<Command val="2"/>
				<Command val="2000"/>
			</Component>
			<Component name="Head" xyz="1,27,0">
				<Command val="810B"/>
				<Command val="1000"/>
				<Command val="2"/>
				<Command val="2000"/>
			</Component>
			<Component name="LFoot" xyz="3,75,4">
				<Command val="810B"/>
				<Command val="5002"/>
				<Command val="64"/>
				<Command val="3000"/>
				<Command val="0"/>
				<Command val="4"/>
				<Command val="0"/>
				<Command val="4000"/>
				<Command val="0"/>
				<Command val="FFE2"/>
				<Command val="1007"/>
				<Command val="2"/>
				<Command val="2000"/>
			</Component>
			<Component name="RFoot" xyz="-34,-9,2">
				<Command val="3000"/>
				<Command val="FFFA"/>
				<Command val="6"/>
				<Command val="0"/>
				<Command val="1012"/>
				<Command val="2"/>
				<Command val="2000"/>
			</Component>
			<Component name="Eyes" xyz="30,-9,2">
				<Command val="3000"/>
				<Command val="FFFA"/>
				<Command val="6"/>
				<Command val="0"/>
				<Command val="1013"/>
				<Command val="2"/>
				<Command val="2000"/>
			</Component>
			<Component name="Mouth" xyz="-1,60,2">
				<Command val="810B"/>
				<Command val="100B"/>
				<Command val="2"/>
				<Command val="2000"/>
			</Component>
			<Component name="LStache" xyz="-1,36,2">
				<Command val="810B"/>
				<Command val="100D"/>
				<Command val="2"/>
				<Command val="2000"/>
			</Component>
			<Component name="RStache" xyz="-22,46,4">
				<Command val="810B"/>
				<Command val="4000"/>
				<Command val="0"/>
				<Command val="FFD3"/>
				<Command val="3001"/>
				<Command val="FFF8"/>
				<Command val="8"/>
				<Command val="0"/>
				<Command val="1004"/>
				<Command val="2"/>
				<Command val="2000"/>
			</Component>
			<Component name="Hat" xyz="19,45,4">
				<Command val="810B"/>
				<Command val="4000"/>
				<Command val="0"/>
				<Command val="2D"/>
				<Command val="3001"/>
				<Command val="8"/>
				<Command val="8"/>
				<Command val="0"/>
				<Command val="1005"/>
				<Command val="2"/>
				<Command val="2000"/>
			</Component>
			<Component name="RBrow" xyz="15,80,6">
				<Command val="810B"/>
				<Command val="3001"/>
				<Command val="0"/>
				<Command val="4"/>
				<Command val="0"/>
				<Command val="1003"/>
				<Command val="2"/>
				<Command val="2000"/>
			</Component>
			<Component name="LBrow" xyz="-16,79,6">
				<Command val="810B"/>
				<Command val="3001"/>
				<Command val="0"/>
				<Command val="4"/>
				<Command val="0"/>
				<Command val="1002"/>
				<Command val="2"/>
				<Command val="2000"/>
			</Component>
			<Component name="Motion1" xyz="0,0,0">
				<Command val="810C"/>
				<Command val="3001"/>
				<Command val="A"/>
				<Command val="FFFF"/>
				<Command val="0"/>
				<Command val="2"/>
				<Command val="2000"/>
			</Component>
			<Component name="Motion2" xyz="0,0,0">
				<Command val="3001"/>
				<Command val="0"/>
				<Command val="FFFA"/>
				<Command val="0"/>
				<Command val="2"/>
				<Command val="2000"/>
			</Component>
		</Animation>
		<Animation name="Dizzy">
			<Component name="Torso" xyz="-2,2,-2">
				<Command val="810B"/>
				<Command val="1001"/>
				<Command val="2"/>
				<Command val="2000"/>
			</Component>
			<Component name="Head" xyz="1,27,0">
				<Command val="810C"/>
				<Command val="1000"/>
				<Command val="2"/>
				<Command val="4000"/>
				<Command val="0"/>
				<Command val="1"/>
				<Command val="1000"/>
				<Command val="2"/>
				<Command val="4000"/>
				<Command val="0"/>
				<Command val="2"/>
				<Command val="1000"/>
				<Command val="2"/>
				<Command val="4000"/>
				<Command val="0"/>
				<Command val="1"/>
				<Command val="1000"/>
				<Command val="2"/>
				<Command val="1000"/>
				<Command val="2"/>
				<Command val="4000"/>
				<Command val="0"/>
				<Command val="FFFF"/>
				<Command val="1000"/>
				<Command val="2"/>
				<Command val="4000"/>
				<Command val="0"/>
				<Command val="FFFE"/>
				<Command val="1000"/>
				<Command val="2"/>
				<Command val="4000"/>
				<Command val="0"/>
				<Command val="FFFF"/>
				<Command val="1000"/>
				<Command val="2"/>
				<Command val="1000"/>
				<Command val="2"/>
				<Command val="2000"/>
			</Component>
			<Component name="LFoot" xyz="0,74,4">
				<Command val="810C"/>
				<Command val="5000"/>
				<Command val="5A"/>
				<Command val="4000"/>
				<Command val="0"/>
				<Command val="FFEC"/>
				<Command val="3000"/>
				<Command val="6"/>
				<Command val="3"/>
				<Command val="0"/>
				<Command val="1007"/>
				<Command val="1E"/>
				<Command val="5000"/>
				<Command val="5A"/>
				<Command val="4000"/>
				<Command val="0"/>
				<Command val="FFEC"/>
				<Command val="3000"/>
				<Command val="6"/>
				<Command val="3"/>
				<Command val="0"/>
				<Command val="1007"/>
				<Command val="24"/>
				<Command val="5000"/>
				<Command val="59"/>
				<Command val="4000"/>
				<Command val="0"/>
				<Command val="FFE7"/>
				<Command val="3000"/>
				<Command val="6"/>
				<Command val="4"/>
				<Command val="0"/>
				<Command val="1007"/>
				<Command val="2"/>
				<Command val="5000"/>
				<Command val="57"/>
				<Command val="4000"/>
				<Command val="0"/>
				<Command val="FFDD"/>
				<Command val="3000"/>
				<Command val="4"/>
				<Command val="7"/>
				<Command val="0"/>
				<Command val="1007"/>
				<Command val="2"/>
				<Command val="5000"/>
				<Command val="55"/>
				<Command val="4000"/>
				<Command val="0"/>
				<Command val="FFD8"/>
				<Command val="3000"/>
				<Command val="4"/>
				<Command val="8"/>
				<Command val="0"/>
				<Command val="1007"/>
				<Command val="2C"/>
				<Command val="5000"/>
				<Command val="55"/>
				<Command val="4000"/>
				<Command val="0"/>
				<Command val="FFDD"/>
				<Command val="3000"/>
				<Command val="4"/>
				<Command val="7"/>
				<Command val="0"/>
				<Command val="1007"/>
				<Command val="2"/>
				<Command val="5000"/>
				<Command val="59"/>
				<Command val="4000"/>
				<Command val="0"/>
				<Command val="FFE7"/>
				<Command val="3000"/>
				<Command val="6"/>
				<Command val="4"/>
				<Command val="0"/>
				<Command val="1007"/>
				<Command val="2"/>
				<Command val="200C"/>
			</Component>
			<Component name="RFoot" xyz="-34,-9,0">
				<Command val="3000"/>
				<Command val="0"/>
				<Command val="0"/>
				<Command val="0"/>
				<Command val="1010"/>
				<Command val="30"/>
				<Command val="3000"/>
				<Command val="0"/>
				<Command val="1"/>
				<Command val="0"/>
				<Command val="1010"/>
				<Command val="4"/>
				<Command val="3000"/>
				<Command val="0"/>
				<Command val="5"/>
				<Command val="0"/>
				<Command val="1012"/>
				<Command val="4"/>
				<Command val="3000"/>
				<Command val="0"/>
				<Command val="6"/>
				<Command val="0"/>
				<Command val="1012"/>
				<Command val="1C"/>
				<Command val="3000"/>
				<Command val="0"/>
				<Command val="5"/>
				<Command val="0"/>
				<Command val="1012"/>
				<Command val="4"/>
				<Command val="2000"/>
			</Component>
			<Component name="Eyes" xyz="30,-9,0">
				<Command val="1011"/>
				<Command val="8"/>
				<Command val="3000"/>
				<Command val="0"/>
				<Command val="5"/>
				<Command val="0"/>
				<Command val="1013"/>
				<Command val="4"/>
				<Command val="3000"/>
				<Command val="0"/>
				<Command val="6"/>
				<Command val="0"/>
				<Command val="1013"/>
				<Command val="1C"/>
				<Command val="3000"/>
				<Command val="0"/>
				<Command val="5"/>
				<Command val="0"/>
				<Command val="1013"/>
				<Command val="4"/>
				<Command val="3000"/>
				<Command val="0"/>
				<Command val="0"/>
				<Command val="0"/>
				<Command val="1011"/>
				<Command val="30"/>
				<Command val="3000"/>
				<Command val="0"/>
				<Command val="1"/>
				<Command val="0"/>
				<Command val="1011"/>
				<Command val="4"/>
				<Command val="2002"/>
			</Component>
			<Component name="Mouth" xyz="-1,60,2">
				<Command val="810C"/>
				<Command val="1008"/>
				<Command val="6"/>
				<Command val="100A"/>
				<Command val="6"/>
				<Command val="1009"/>
				<Command val="6"/>
				<Command val="2000"/>
			</Component>
			<Component name="LStache" xyz="-1,36,2">
				<Command val="810C"/>
				<Command val="100D"/>
				<Command val="12"/>
				<Command val="3000"/>
				<Command val="0"/>
				<Command val="FFFC"/>
				<Command val="0"/>
				<Command val="5002"/>
				<Command val="78"/>
				<Command val="100D"/>
				<Command val="C"/>
				<Command val="2000"/>
			</Component>
			<Component name="RStache" xyz="-15,46,4">
				<Command val="810C"/>
				<Command val="1004"/>
				<Command val="16"/>
				<Command val="3000"/>
				<Command val="FFFA"/>
				<Command val="4"/>
				<Command val="0"/>
				<Command val="4000"/>
				<Command val="0"/>
				<Command val="FFE2"/>
				<Command val="1004"/>
				<Command val="6"/>
				<Command val="1004"/>
				<Command val="6"/>
				<Command val="3000"/>
				<Command val="FFFA"/>
				<Command val="4"/>
				<Command val="0"/>
				<Command val="4000"/>
				<Command val="0"/>
				<Command val="FFE2"/>
				<Command val="1004"/>
				<Command val="6"/>
				<Command val="2000"/>
			</Component>
			<Component name="Hat" xyz="11,45,4">
				<Command val="810C"/>
				<Command val="1005"/>
				<Command val="16"/>
				<Command val="3000"/>
				<Command val="6"/>
				<Command val="4"/>
				<Command val="0"/>
				<Command val="4000"/>
				<Command val="0"/>
				<Command val="1E"/>
				<Command val="1005"/>
				<Command val="6"/>
				<Command val="1005"/>
				<Command val="6"/>
				<Command val="3000"/>
				<Command val="6"/>
				<Command val="4"/>
				<Command val="0"/>
				<Command val="4000"/>
				<Command val="0"/>
				<Command val="1E"/>
				<Command val="1005"/>
				<Command val="6"/>
				<Command val="2000"/>
			</Component>
			<Component name="RBrow" xyz="14,79,6">
				<Command val="810C"/>
				<Command val="1003"/>
				<Command val="1E"/>
				<Command val="4000"/>
				<Command val="0"/>
				<Command val="FFF1"/>
				<Command val="1003"/>
				<Command val="1E"/>
				<Command val="2000"/>
			</Component>
			<Component name="LBrow" xyz="-16,79,6">
				<Command val="810C"/>
				<Command val="1002"/>
				<Command val="1E"/>
				<Command val="4000"/>
				<Command val="0"/>
				<Command val="C"/>
				<Command val="1002"/>
				<Command val="1E"/>
				<Command val="2000"/>
			</Component>
			<Component name="Motion1" xyz="0,0,0">
				<Command val="3001"/>
				<Command val="0"/>
				<Command val="0"/>
				<Command val="0"/>
				<Command val="4"/>
				<Command val="3001"/>
				<Command val="FFFF"/>
				<Command val="0"/>
				<Command val="0"/>
				<Command val="4"/>
				<Command val="3001"/>
				<Command val="FFFE"/>
				<Command val="0"/>
				<Command val="0"/>
				<Command val="2"/>
				<Command val="3001"/>
				<Command val="FFFD"/>
				<Command val="1"/>
				<Command val="0"/>
				<Command val="4"/>
				<Command val="3001"/>
				<Command val="FFFC"/>
				<Command val="2"/>
				<Command val="0"/>
				<Command val="14"/>
				<Command val="3001"/>
				<Command val="FFFD"/>
				<Command val="1"/>
				<Command val="0"/>
				<Command val="4"/>
				<Command val="3001"/>
				<Command val="FFFE"/>
				<Command val="0"/>
				<Command val="0"/>
				<Command val="2"/>
				<Command val="3001"/>
				<Command val="FFFF"/>
				<Command val="0"/>
				<Command val="0"/>
				<Command val="4"/>
				<Command val="3001"/>
				<Command val="0"/>
				<Command val="0"/>
				<Command val="0"/>
				<Command val="4"/>
				<Command val="3001"/>
				<Command val="1"/>
				<Command val="0"/>
				<Command val="0"/>
				<Command val="4"/>
				<Command val="3001"/>
				<Command val="2"/>
				<Command val="0"/>
				<Command val="0"/>
				<Command val="2"/>
				<Command val="3001"/>
				<Command val="3"/>
				<Command val="1"/>
				<Command val="0"/>
				<Command val="4"/>
				<Command val="3001"/>
				<Command val="4"/>
				<Command val="2"/>
				<Command val="0"/>
				<Command val="14"/>
				<Command val="3001"/>
				<Command val="3"/>
				<Command val="1"/>
				<Command val="0"/>
				<Command val="4"/>
				<Command val="3001"/>
				<Command val="2"/>
				<Command val="0"/>
				<Command val="0"/>
				<Command val="2"/>
				<Command val="3001"/>
				<Command val="1"/>
				<Command val="0"/>
				<Command val="0"/>
				<Command val="4"/>
				<Command val="2000"/>
			</Component>
			<Component name="Motion2" xyz="0,0,0">
				<Command val="810B"/>
				<Command val="3001"/>
				<Command val="0"/>
				<Command val="0"/>
				<Command val="0"/>
				<Command val="2"/>
				<Command val="3001"/>
				<Command val="FFFE"/>
				<Command val="0"/>
				<Command val="0"/>
				<Command val="2"/>
				<Command val="3001"/>
				<Command val="FFFC"/>
				<Command val="0"/>
				<Command val="0"/>
				<Command val="2"/>
				<Command val="3001"/>
				<Command val="FFFA"/>
				<Command val="0"/>
				<Command val="0"/>
				<Command val="2"/>
				<Command val="3001"/>
				<Command val="FFF8"/>
				<Command val="1"/>
				<Command val="0"/>
				<Command val="4"/>
				<Command val="3001"/>
				<Command val="FFF7"/>
				<Command val="1"/>
				<Command val="0"/>
				<Command val="4"/>
				<Command val="3001"/>
				<Command val="FFF6"/>
				<Command val="2"/>
				<Command val="0"/>
				<Command val="E"/>
				<Command val="3001"/>
				<Command val="FFF7"/>
				<Command val="1"/>
				<Command val="0"/>
				<Command val="4"/>
				<Command val="3001"/>
				<Command val="FFF8"/>
				<Command val="1"/>
				<Command val="0"/>
				<Command val="4"/>
				<Command val="3001"/>
				<Command val="FFFA"/>
				<Command val="0"/>
				<Command val="0"/>
				<Command val="2"/>
				<Command val="3001"/>
				<Command val="FFFC"/>
				<Command val="0"/>
				<Command val="0"/>
				<Command val="2"/>
				<Command val="3001"/>
				<Command val="FFFE"/>
				<Command val="0"/>
				<Command val="0"/>
				<Command val="2"/>
				<Command val="3001"/>
				<Command val="0"/>
				<Command val="0"/>
				<Command val="0"/>
				<Command val="2"/>
				<Command val="3001"/>
				<Command val="2"/>
				<Command val="0"/>
				<Command val="0"/>
				<Command val="2"/>
				<Command val="3001"/>
				<Command val="4"/>
				<Command val="0"/>
				<Command val="0"/>
				<Command val="2"/>
				<Command val="3001"/>
				<Command val="6"/>
				<Command val="0"/>
				<Command val="0"/>
				<Command val="2"/>
				<Command val="3001"/>
				<Command val="8"/>
				<Command val="1"/>
				<Command val="0"/>
				<Command val="4"/>
				<Command val="3001"/>
				<Command val="9"/>
				<Command val="1"/>
				<Command val="0"/>
				<Command val="4"/>
				<Command val="3001"/>
				<Command val="A"/>
				<Command val="2"/>
				<Command val="0"/>
				<Command val="E"/>
				<Command val="3001"/>
				<Command val="9"/>
				<Command val="1"/>
				<Command val="0"/>
				<Command val="4"/>
				<Command val="3001"/>
				<Command val="8"/>
				<Command val="1"/>
				<Command val="0"/>
				<Command val="4"/>
				<Command val="3001"/>
				<Command val="6"/>
				<Command val="0"/>
				<Command val="0"/>
				<Command val="2"/>
				<Command val="3001"/>
				<Command val="4"/>
				<Command val="0"/>
				<Command val="0"/>
				<Command val="2"/>
				<Command val="3001"/>
				<Command val="2"/>
				<Command val="0"/>
				<Command val="0"/>
				<Command val="2"/>
				<Command val="2000"/>
			</Component>
		</Animation>
		<Animation name="Sleep">
			<Component name="Torso" xyz="-2,2,-2">
				<Command val="1001"/>
				<Command val="2"/>
				<Command val="2000"/>
			</Component>
			<Component name="Head" xyz="1,27,0">
				<Command val="1000"/>
				<Command val="2"/>
				<Command val="2000"/>
			</Component>
			<Component name="LFoot" xyz="-34,-9,0">
				<Command val="1010"/>
				<Command val="2"/>
				<Command val="2000"/>
			</Component>
			<Component name="RFoot" xyz="30,-9,0">
				<Command val="1011"/>
				<Command val="2"/>
				<Command val="2000"/>
			</Component>
			<Component name="Eyes" xyz="-1,60,2">
				<Command val="1024"/>
				<Command val="2"/>
				<Command val="2000"/>
			</Component>
			<Component name="Mouth" xyz="-1,36,2">
				<Command val="1014"/>
				<Command val="2"/>
				<Command val="2000"/>
			</Component>
			<Component name="LStache" xyz="-15,46,4">
				<Command val="1004"/>
				<Command val="2"/>
				<Command val="2000"/>
			</Component>
			<Component name="RStache" xyz="11,45,4">
				<Command val="1005"/>
				<Command val="2"/>
				<Command val="2000"/>
			</Component>
			<Component name="Hat" xyz="2,72,4">
				<Command val="1006"/>
				<Command val="2"/>
				<Command val="2000"/>
			</Component>
			<Component name="RBrow" xyz="14,79,6">
				<Command val="4000"/>
				<Command val="0"/>
				<Command val="FFF6"/>
				<Command val="3001"/>
				<Command val="1"/>
				<Command val="0"/>
				<Command val="0"/>
				<Command val="1003"/>
				<Command val="2"/>
				<Command val="2000"/>
			</Component>
			<Component name="LBrow" xyz="-16,79,6">
				<Command val="4000"/>
				<Command val="0"/>
				<Command val="A"/>
				<Command val="3001"/>
				<Command val="0"/>
				<Command val="0"/>
				<Command val="0"/>
				<Command val="1002"/>
				<Command val="2"/>
				<Command val="2000"/>
			</Component>
		</Animation>
		<Animation name="Angry">
			<Component name="Torso" xyz="-2,2,-2">
				<Command val="810B"/>
				<Command val="1001"/>
				<Command val="2"/>
				<Command val="2000"/>
			</Component>
			<Component name="Head" xyz="1,27,0">
				<Command val="810C"/>
				<Command val="1000"/>
				<Command val="2"/>
				<Command val="2000"/>
			</Component>
			<Component name="LFoot" xyz="-34,-9,0">
				<Command val="3000"/>
				<Command val="0"/>
				<Command val="0"/>
				<Command val="0"/>
				<Command val="1010"/>
				<Command val="24"/>
				<Command val="3000"/>
				<Command val="0"/>
				<Command val="1"/>
				<Command val="0"/>
				<Command val="1010"/>
				<Command val="2"/>
				<Command val="3000"/>
				<Command val="FFFE"/>
				<Command val="A"/>
				<Command val="0"/>
				<Command val="1012"/>
				<Command val="2"/>
				<Command val="3000"/>
				<Command val="FFFE"/>
				<Command val="C"/>
				<Command val="0"/>
				<Command val="1012"/>
				<Command val="12"/>
				<Command val="3000"/>
				<Command val="FFFE"/>
				<Command val="B"/>
				<Command val="0"/>
				<Command val="1012"/>
				<Command val="2"/>
				<Command val="2000"/>
			</Component>
			<Component name="RFoot" xyz="30,-9,0">
				<Command val="1011"/>
				<Command val="8"/>
				<Command val="3000"/>
				<Command val="2"/>
				<Command val="A"/>
				<Command val="0"/>
				<Command val="1013"/>
				<Command val="2"/>
				<Command val="3000"/>
				<Command val="2"/>
				<Command val="C"/>
				<Command val="0"/>
				<Command val="1013"/>
				<Command val="12"/>
				<Command val="3000"/>
				<Command val="2"/>
				<Command val="B"/>
				<Command val="0"/>
				<Command val="1013"/>
				<Command val="2"/>
				<Command val="3000"/>
				<Command val="0"/>
				<Command val="0"/>
				<Command val="0"/>
				<Command val="1011"/>
				<Command val="24"/>
				<Command val="3000"/>
				<Command val="0"/>
				<Command val="1"/>
				<Command val="0"/>
				<Command val="1011"/>
				<Command val="2"/>
				<Command val="2002"/>
			</Component>
			<Component name="Eyes" xyz="-1,60,2">
				<Command val="810C"/>
				<Command val="100C"/>
				<Command val="14"/>
				<Command val="2000"/>
			</Component>
			<Component name="Mouth" xyz="-1,36,2">
				<Command val="810C"/>
				<Command val="100D"/>
				<Command val="1"/>
				<Command val="3001"/>
				<Command val="0"/>
				<Command val="2"/>
				<Command val="0"/>
				<Command val="100D"/>
				<Command val="1E"/>
				<Command val="3001"/>
				<Command val="0"/>
				<Command val="5"/>
				<Command val="0"/>
				<Command val="100F"/>
				<Command val="1E"/>
				<Command val="2000"/>
			</Component>
			<Component name="LStache" xyz="-20,46,4">
				<Command val="810C"/>
				<Command val="3001"/>
				<Command val="FFF5"/>
				<Command val="C"/>
				<Command val="0"/>
				<Command val="4000"/>
				<Command val="0"/>
				<Command val="FFC4"/>
				<Command val="1004"/>
				<Command val="12"/>
				<Command val="3001"/>
				<Command val="FFFA"/>
				<Command val="4"/>
				<Command val="0"/>
				<Command val="4000"/>
				<Command val="0"/>
				<Command val="FFE2"/>
				<Command val="1004"/>
				<Command val="C"/>
				<Command val="2000"/>
			</Component>
			<Component name="RStache" xyz="16,45,4">
				<Command val="810C"/>
				<Command val="3001"/>
				<Command val="B"/>
				<Command val="B"/>
				<Command val="0"/>
				<Command val="4000"/>
				<Command val="0"/>
				<Command val="3C"/>
				<Command val="1005"/>
				<Command val="12"/>
				<Command val="3001"/>
				<Command val="6"/>
				<Command val="4"/>
				<Command val="0"/>
				<Command val="4000"/>
				<Command val="0"/>
				<Command val="1E"/>
				<Command val="1005"/>
				<Command val="C"/>
				<Command val="2000"/>
			</Component>
			<Component name="Hat" xyz="2,72,4">
				<Command val="810C"/>
				<Command val="1006"/>
				<Command val="2"/>
				<Command val="1006"/>
				<Command val="10"/>
				<Command val="3001"/>
				<Command val="0"/>
				<Command val="2"/>
				<Command val="0"/>
				<Command val="1006"/>
				<Command val="E"/>
				<Command val="2003"/>
			</Component>
			<Component name="RBrow" xyz="14,79,6">
				<Command val="810C"/>
				<Command val="3001"/>
				<Command val="0"/>
				<Command val="FFFA"/>
				<Command val="0"/>
				<Command val="1003"/>
				<Command val="1E"/>
				<Command val="4000"/>
				<Command val="0"/>
				<Command val="5"/>
				<Command val="3001"/>
				<Command val="0"/>
				<Command val="FFF9"/>
				<Command val="0"/>
				<Command val="1003"/>
				<Command val="1E"/>
				<Command val="2000"/>
			</Component>
			<Component name="LBrow" xyz="-16,79,6">
				<Command val="810C"/>
				<Command val="3001"/>
				<Command val="0"/>
				<Command val="FFFA"/>
				<Command val="0"/>
				<Command val="1002"/>
				<Command val="1E"/>
				<Command val="4000"/>
				<Command val="0"/>
				<Command val="FFFB"/>
				<Command val="3001"/>
				<Command val="0"/>
				<Command val="FFF9"/>
				<Command val="0"/>
				<Command val="1002"/>
				<Command val="1E"/>
				<Command val="2000"/>
			</Component>
			<Component name="Motion1" xyz="0,0,0">
				<Command val="3001"/>
				<Command val="0"/>
				<Command val="0"/>
				<Command val="0"/>
				<Command val="2"/>
				<Command val="3001"/>
				<Command val="FFFF"/>
				<Command val="0"/>
				<Command val="0"/>
				<Command val="6"/>
				<Command val="3001"/>
				<Command val="FFFF"/>
				<Command val="2"/>
				<Command val="0"/>
				<Command val="10"/>
				<Command val="3001"/>
				<Command val="FFFF"/>
				<Command val="0"/>
				<Command val="0"/>
				<Command val="6"/>
				<Command val="3001"/>
				<Command val="0"/>
				<Command val="0"/>
				<Command val="0"/>
				<Command val="2"/>
				<Command val="3001"/>
				<Command val="1"/>
				<Command val="0"/>
				<Command val="0"/>
				<Command val="6"/>
				<Command val="3001"/>
				<Command val="1"/>
				<Command val="2"/>
				<Command val="0"/>
				<Command val="10"/>
				<Command val="3001"/>
				<Command val="1"/>
				<Command val="0"/>
				<Command val="0"/>
				<Command val="6"/>
				<Command val="2000"/>
			</Component>
			<Component name="Motion2" xyz="0,0,0">
				<Command val="810B"/>
				<Command val="3001"/>
				<Command val="0"/>
				<Command val="0"/>
				<Command val="0"/>
				<Command val="2"/>
				<Command val="3001"/>
				<Command val="FFFF"/>
				<Command val="0"/>
				<Command val="0"/>
				<Command val="2"/>
				<Command val="3001"/>
				<Command val="FFFE"/>
				<Command val="1"/>
				<Command val="0"/>
				<Command val="4"/>
				<Command val="3001"/>
				<Command val="FFFD"/>
				<Command val="2"/>
				<Command val="0"/>
				<Command val="10"/>
				<Command val="3001"/>
				<Command val="FFFE"/>
				<Command val="1"/>
				<Command val="0"/>
				<Command val="4"/>
				<Command val="3001"/>
				<Command val="FFFF"/>
				<Command val="0"/>
				<Command val="0"/>
				<Command val="2"/>
				<Command val="3001"/>
				<Command val="0"/>
				<Command val="0"/>
				<Command val="0"/>
				<Command val="2"/>
				<Command val="3001"/>
				<Command val="1"/>
				<Command val="0"/>
				<Command val="0"/>
				<Command val="2"/>
				<Command val="3001"/>
				<Command val="2"/>
				<Command val="1"/>
				<Command val="0"/>
				<Command val="4"/>
				<Command val="3001"/>
				<Command val="3"/>
				<Command val="2"/>
				<Command val="0"/>
				<Command val="10"/>
				<Command val="3001"/>
				<Command val="2"/>
				<Command val="1"/>
				<Command val="0"/>
				<Command val="4"/>
				<Command val="3001"/>
				<Command val="1"/>
				<Command val="0"/>
				<Command val="0"/>
				<Command val="2"/>
				<Command val="2000"/>
			</Component>
		</Animation>
		<Animation name="Talk">
			<Component name="Torso" xyz="-2,2,-2">
				<Command val="810B"/>
				<Command val="1001"/>
				<Command val="2"/>
				<Command val="2000"/>
			</Component>
			<Component name="Head" xyz="1,27,0">
				<Command val="810B"/>
				<Command val="1000"/>
				<Command val="2"/>
				<Command val="2000"/>
			</Component>
			<Component name="LFoot" xyz="-34,-9,0">
				<Command val="810B"/>
				<Command val="1010"/>
				<Command val="2"/>
				<Command val="2000"/>
			</Component>
			<Component name="RFoot" xyz="30,-9,0">
				<Command val="810B"/>
				<Command val="1011"/>
				<Command val="2"/>
				<Command val="2000"/>
			</Component>
			<Component name="Eyes" xyz="-1,60,2">
				<Command val="810B"/>
				<Command val="1008"/>
				<Command val="2"/>
				<Command val="2000"/>
			</Component>
			<Component name="Mouth" xyz="-1,36,2">
				<Command val="810B"/>
				<Command val="100D"/>
				<Command val="4"/>
				<Command val="3001"/>
				<Command val="0"/>
				<Command val="3"/>
				<Command val="0"/>
				<Command val="1014"/>
				<Command val="2"/>
				<Command val="3001"/>
				<Command val="0"/>
				<Command val="5"/>
				<Command val="0"/>
				<Command val="100E"/>
				<Command val="4"/>
				<Command val="3001"/>
				<Command val="0"/>
				<Command val="3"/>
				<Command val="0"/>
				<Command val="1014"/>
				<Command val="2"/>
				<Command val="2000"/>
			</Component>
			<Component name="LStache" xyz="-15,46,4">
				<Command val="810B"/>
				<Command val="1004"/>
				<Command val="2"/>
				<Command val="2000"/>
			</Component>
			<Component name="RStache" xyz="11,45,4">
				<Command val="810B"/>
				<Command val="1005"/>
				<Command val="2"/>
				<Command val="2000"/>
			</Component>
			<Component name="Hat" xyz="2,72,4">
				<Command val="810B"/>
				<Command val="1006"/>
				<Command val="2"/>
				<Command val="2000"/>
			</Component>
			<Component name="RBrow" xyz="14,79,6">
				<Command val="810B"/>
				<Command val="1003"/>
				<Command val="2"/>
				<Command val="2000"/>
			</Component>
			<Component name="LBrow" xyz="-16,79,6">
				<Command val="810B"/>
				<Command val="1002"/>
				<Command val="2"/>
				<Command val="2000"/>
			</Component>
			<Component name="Motion1" xyz="0,0,0">
				<Command val="3001"/>
				<Command val="0"/>
				<Command val="0"/>
				<Command val="0"/>
				<Command val="1"/>
				<Command val="3001"/>
				<Command val="0"/>
				<Command val="0"/>
				<Command val="0"/>
				<Command val="1"/>
				<Command val="2000"/>
			</Component>
		</Animation>
		<Animation name="Pound">
			<Component name="Torso" xyz="-2,2,-2">
				<Command val="810C"/>
				<Command val="1001"/>
				<Command val="2"/>
				<Command val="2000"/>
			</Component>
			<Component name="Head" xyz="1,27,0">
				<Command val="810B"/>
				<Command val="1000"/>
				<Command val="2"/>
				<Command val="2000"/>
			</Component>
			<Component name="LFoot" xyz="-34,-9,2">
				<Command val="3000"/>
				<Command val="3"/>
				<Command val="FFFD"/>
				<Command val="0"/>
				<Command val="1010"/>
				<Command val="14"/>
				<Command val="3000"/>
				<Command val="1"/>
				<Command val="FFFF"/>
				<Command val="0"/>
				<Command val="1010"/>
				<Command val="2"/>
				<Command val="3000"/>
				<Command val="FFFD"/>
				<Command val="3"/>
				<Command val="0"/>
				<Command val="1012"/>
				<Command val="2"/>
				<Command val="3000"/>
				<Command val="FFFC"/>
				<Command val="4"/>
				<Command val="0"/>
				<Command val="1012"/>
				<Command val="12"/>
				<Command val="2012"/>
			</Component>
			<Component name="RFoot" xyz="30,-9,2">
				<Command val="3000"/>
				<Command val="3"/>
				<Command val="FFFD"/>
				<Command val="0"/>
				<Command val="1011"/>
				<Command val="14"/>
				<Command val="3000"/>
				<Command val="1"/>
				<Command val="FFFF"/>
				<Command val="0"/>
				<Command val="1011"/>
				<Command val="2"/>
				<Command val="3000"/>
				<Command val="FFFD"/>
				<Command val="3"/>
				<Command val="0"/>
				<Command val="1013"/>
				<Command val="2"/>
				<Command val="3000"/>
				<Command val="FFFC"/>
				<Command val="4"/>
				<Command val="0"/>
				<Command val="1013"/>
				<Command val="12"/>
				<Command val="2012"/>
			</Component>
			<Component name="Eyes" xyz="-1,60,2">
				<Command val="810B"/>
				<Command val="1008"/>
				<Command val="2"/>
				<Command val="2000"/>
			</Component>
			<Component name="Mouth" xyz="-1,36,2">
				<Command val="810B"/>
				<Command val="3001"/>
				<Command val="0"/>
				<Command val="5"/>
				<Command val="0"/>
				<Command val="100F"/>
				<Command val="2"/>
				<Command val="2000"/>
			</Component>
			<Component name="LStache" xyz="-15,46,4">
				<Command val="810B"/>
				<Command val="1004"/>
				<Command val="2"/>
				<Command val="2000"/>
			</Component>
			<Component name="RStache" xyz="11,45,4">
				<Command val="810B"/>
				<Command val="1005"/>
				<Command val="2"/>
				<Command val="2000"/>
			</Component>
			<Component name="Hat" xyz="2,72,4">
				<Command val="810B"/>
				<Command val="1006"/>
				<Command val="2"/>
				<Command val="2000"/>
			</Component>
			<Component name="RBrow" xyz="-16,79,6">
				<Command val="810B"/>
				<Command val="3001"/>
				<Command val="0"/>
				<Command val="FFFE"/>
				<Command val="0"/>
				<Command val="4000"/>
				<Command val="0"/>
				<Command val="F"/>
				<Command val="1002"/>
				<Command val="2"/>
				<Command val="2000"/>
			</Component>
			<Component name="LBrow" xyz="14,79,6">
				<Command val="810B"/>
				<Command val="3001"/>
				<Command val="0"/>
				<Command val="FFFE"/>
				<Command val="0"/>
				<Command val="4000"/>
				<Command val="0"/>
				<Command val="FFF1"/>
				<Command val="1003"/>
				<Command val="2"/>
				<Command val="2000"/>
			</Component>
			<Component name="Motion1" xyz="0,0,0">
				<Command val="810C"/>
				<Command val="3001"/>
				<Command val="0"/>
				<Command val="2"/>
				<Command val="0"/>
				<Command val="12"/>
				<Command val="3001"/>
				<Command val="1"/>
				<Command val="0"/>
				<Command val="0"/>
				<Command val="2"/>
				<Command val="3001"/>
				<Command val="5"/>
				<Command val="FFFE"/>
				<Command val="0"/>
				<Command val="2"/>
				<Command val="3001"/>
				<Command val="6"/>
				<Command val="FFFE"/>
				<Command val="0"/>
				<Command val="14"/>
				<Command val="2010"/>
			</Component>
			<Component name="Motion2" xyz="0,0,0">
				<Command val="12"/>
				<Command val="3001"/>
				<Command val="0"/>
				<Command val="FFFF"/>
				<Command val="0"/>
				<Command val="2"/>
				<Command val="3001"/>
				<Command val="0"/>
				<Command val="FFFB"/>
				<Command val="0"/>
				<Command val="2"/>
				<Command val="3001"/>
				<Command val="0"/>
				<Command val="FFFA"/>
				<Command val="0"/>
				<Command val="14"/>
				<Command val="200B"/>
			</Component>
		</Animation>
		<Animation name="Land">
			<Component name="Torso" xyz="-2,2,-2">
				<Command val="810C"/>
				<Command val="1001"/>
				<Command val="2"/>
				<Command val="2000"/>
			</Component>
			<Component name="Head" xyz="1,27,0">
				<Command val="810B"/>
				<Command val="1000"/>
				<Command val="2"/>
				<Command val="2000"/>
			</Component>
			<Component name="LFoot" xyz="-34,-9,2">
				<Command val="3000"/>
				<Command val="FFFC"/>
				<Command val="4"/>
				<Command val="0"/>
				<Command val="1012"/>
				<Command val="2"/>
				<Command val="2000"/>
			</Component>
			<Component name="RFoot" xyz="30,-9,2">
				<Command val="3000"/>
				<Command val="FFFC"/>
				<Command val="4"/>
				<Command val="0"/>
				<Command val="1013"/>
				<Command val="2"/>
				<Command val="2000"/>
			</Component>
			<Component name="Eyes" xyz="-1,60,2">
				<Command val="810B"/>
				<Command val="1008"/>
				<Command val="2"/>
				<Command val="2000"/>
			</Component>
			<Component name="Mouth" xyz="-1,36,2">
				<Command val="810B"/>
				<Command val="100D"/>
				<Command val="2"/>
				<Command val="2000"/>
			</Component>
			<Component name="LStache" xyz="-15,46,4">
				<Command val="810B"/>
				<Command val="4000"/>
				<Command val="0"/>
				<Command val="FFE2"/>
				<Command val="3000"/>
				<Command val="FFFA"/>
				<Command val="4"/>
				<Command val="0"/>
				<Command val="1004"/>
				<Command val="2"/>
				<Command val="2000"/>
			</Component>
			<Component name="RStache" xyz="11,45,4">
				<Command val="810B"/>
				<Command val="4000"/>
				<Command val="0"/>
				<Command val="1E"/>
				<Command val="3000"/>
				<Command val="6"/>
				<Command val="4"/>
				<Command val="0"/>
				<Command val="1005"/>
				<Command val="2"/>
				<Command val="2000"/>
			</Component>
			<Component name="Hat" xyz="2,72,4">
				<Command val="810B"/>
				<Command val="1006"/>
				<Command val="2"/>
				<Command val="2000"/>
			</Component>
			<Component name="RBrow" xyz="15,79,6">
				<Command val="810B"/>
				<Command val="1003"/>
				<Command val="2"/>
				<Command val="2000"/>
			</Component>
			<Component name="LBrow" xyz="-16,79,6">
				<Command val="810B"/>
				<Command val="1002"/>
				<Command val="2"/>
				<Command val="2000"/>
			</Component>
			<Component name="Motion1" xyz="0,0,0">
				<Command val="810C"/>
				<Command val="3001"/>
				<Command val="6"/>
				<Command val="FFFE"/>
				<Command val="0"/>
				<Command val="2"/>
				<Command val="2000"/>
			</Component>
			<Component name="Motion2" xyz="0,0,0">
				<Command val="3001"/>
				<Command val="0"/>
				<Command val="FFFA"/>
				<Command val="0"/>
				<Command val="2"/>
				<Command val="2000"/>
			</Component>
		</Animation>
		<Animation name="BurntHurt">
			<Component name="Torso" xyz="-2,2,-2">
				<Command val="810B"/>
				<Command val="1016"/>
				<Command val="2"/>
				<Command val="2000"/>
			</Component>
			<Component name="Head" xyz="1,27,0">
				<Command val="810C"/>
				<Command val="1015"/>
				<Command val="2"/>
				<Command val="2000"/>
			</Component>
			<Component name="LFoot" xyz="-34,-9,0">
				<Command val="3001"/>
				<Command val="0"/>
				<Command val="0"/>
				<Command val="0"/>
				<Command val="101D"/>
				<Command val="6"/>
				<Command val="3001"/>
				<Command val="0"/>
				<Command val="1"/>
				<Command val="0"/>
				<Command val="101D"/>
				<Command val="2"/>
				<Command val="3001"/>
				<Command val="FFFE"/>
				<Command val="A"/>
				<Command val="0"/>
				<Command val="101F"/>
				<Command val="2"/>
				<Command val="3001"/>
				<Command val="FFFE"/>
				<Command val="C"/>
				<Command val="0"/>
				<Command val="101F"/>
				<Command val="4"/>
				<Command val="3001"/>
				<Command val="FFFE"/>
				<Command val="B"/>
				<Command val="0"/>
				<Command val="101F"/>
				<Command val="2"/>
				<Command val="2000"/>
			</Component>
			<Component name="RFoot" xyz="30,-9,0">
				<Command val="3001"/>
				<Command val="2"/>
				<Command val="C"/>
				<Command val="0"/>
				<Command val="1020"/>
				<Command val="2"/>
				<Command val="3001"/>
				<Command val="2"/>
				<Command val="B"/>
				<Command val="0"/>
				<Command val="1020"/>
				<Command val="4"/>
				<Command val="3001"/>
				<Command val="2"/>
				<Command val="A"/>
				<Command val="0"/>
				<Command val="1020"/>
				<Command val="2"/>
				<Command val="101E"/>
				<Command val="6"/>
				<Command val="3001"/>
				<Command val="2"/>
				<Command val="A"/>
				<Command val="0"/>
				<Command val="1020"/>
				<Command val="2"/>
				<Command val="2000"/>
			</Component>
			<Component name="Eyes" xyz="-1,60,2">
				<Command val="810C"/>
				<Command val="101A"/>
				<Command val="2"/>
				<Command val="2000"/>
			</Component>
			<Component name="Mouth" xyz="-1,38,2">
				<Command val="810C"/>
				<Command val="3001"/>
				<Command val="0"/>
				<Command val="2"/>
				<Command val="0"/>
				<Command val="101B"/>
				<Command val="C"/>
				<Command val="3001"/>
				<Command val="0"/>
				<Command val="5"/>
				<Command val="0"/>
				<Command val="101C"/>
				<Command val="6"/>
				<Command val="2000"/>
			</Component>
			<Component name="LStache" xyz="-31,46,4">
				<Command val="810C"/>
				<Command val="3001"/>
				<Command val="FFF5"/>
				<Command val="C"/>
				<Command val="0"/>
				<Command val="4000"/>
				<Command val="0"/>
				<Command val="FFC4"/>
				<Command val="1017"/>
				<Command val="8"/>
				<Command val="3001"/>
				<Command val="FFFA"/>
				<Command val="4"/>
				<Command val="0"/>
				<Command val="4000"/>
				<Command val="0"/>
				<Command val="FFE2"/>
				<Command val="1017"/>
				<Command val="6"/>
				<Command val="2000"/>
			</Component>
			<Component name="RStache" xyz="28,45,4">
				<Command val="810C"/>
				<Command val="3001"/>
				<Command val="B"/>
				<Command val="B"/>
				<Command val="0"/>
				<Command val="4000"/>
				<Command val="0"/>
				<Command val="3C"/>
				<Command val="1018"/>
				<Command val="8"/>
				<Command val="3001"/>
				<Command val="6"/>
				<Command val="4"/>
				<Command val="0"/>
				<Command val="4000"/>
				<Command val="0"/>
				<Command val="1E"/>
				<Command val="1018"/>
				<Command val="6"/>
				<Command val="2000"/>
			</Component>
			<Component name="Hat" xyz="0,93,4">
				<Command val="810C"/>
				<Command val="1023"/>
				<Command val="2"/>
				<Command val="2000"/>
			</Component>
			<Component name="RBrow" xyz="14,79,6">
				<Command val="810C"/>
				<Command val="3001"/>
				<Command val="0"/>
				<Command val="FFFA"/>
				<Command val="0"/>
				<Command val="1022"/>
				<Command val="A"/>
				<Command val="4000"/>
				<Command val="0"/>
				<Command val="5"/>
				<Command val="3001"/>
				<Command val="0"/>
				<Command val="FFF9"/>
				<Command val="0"/>
				<Command val="1022"/>
				<Command val="10"/>
				<Command val="2000"/>
			</Component>
			<Component name="LBrow" xyz="-16,79,6">
				<Command val="810C"/>
				<Command val="3001"/>
				<Command val="0"/>
				<Command val="FFFA"/>
				<Command val="0"/>
				<Command val="1021"/>
				<Command val="A"/>
				<Command val="4000"/>
				<Command val="0"/>
				<Command val="FFFB"/>
				<Command val="3001"/>
				<Command val="0"/>
				<Command val="FFF9"/>
				<Command val="0"/>
				<Command val="1021"/>
				<Command val="10"/>
				<Command val="2000"/>
			</Component>
			<Component name="Motion1" xyz="0,0,0">
				<Command val="3001"/>
				<Command val="0"/>
				<Command val="0"/>
				<Command val="0"/>
				<Command val="2"/>
				<Command val="3001"/>
				<Command val="FFFF"/>
				<Command val="1"/>
				<Command val="0"/>
				<Command val="2"/>
				<Command val="3001"/>
				<Command val="FFFF"/>
				<Command val="3"/>
				<Command val="0"/>
				<Command val="4"/>
				<Command val="3001"/>
				<Command val="FFFF"/>
				<Command val="1"/>
				<Command val="0"/>
				<Command val="2"/>
				<Command val="3001"/>
				<Command val="0"/>
				<Command val="0"/>
				<Command val="0"/>
				<Command val="2"/>
				<Command val="3001"/>
				<Command val="1"/>
				<Command val="1"/>
				<Command val="0"/>
				<Command val="2"/>
				<Command val="3001"/>
				<Command val="1"/>
				<Command val="3"/>
				<Command val="0"/>
				<Command val="4"/>
				<Command val="3001"/>
				<Command val="1"/>
				<Command val="1"/>
				<Command val="0"/>
				<Command val="2"/>
				<Command val="2000"/>
			</Component>
			<Component name="Motion2" xyz="0,0,0">
				<Command val="810C"/>
				<Command val="3001"/>
				<Command val="0"/>
				<Command val="0"/>
				<Command val="0"/>
				<Command val="2"/>
				<Command val="3001"/>
				<Command val="FFFF"/>
				<Command val="0"/>
				<Command val="0"/>
				<Command val="2"/>
				<Command val="3001"/>
				<Command val="FFFE"/>
				<Command val="1"/>
				<Command val="0"/>
				<Command val="2"/>
				<Command val="3001"/>
				<Command val="FFFD"/>
				<Command val="2"/>
				<Command val="0"/>
				<Command val="4"/>
				<Command val="3001"/>
				<Command val="FFFF"/>
				<Command val="0"/>
				<Command val="0"/>
				<Command val="2"/>
				<Command val="3001"/>
				<Command val="0"/>
				<Command val="0"/>
				<Command val="0"/>
				<Command val="2"/>
				<Command val="3001"/>
				<Command val="1"/>
				<Command val="0"/>
				<Command val="0"/>
				<Command val="2"/>
				<Command val="3001"/>
				<Command val="2"/>
				<Command val="1"/>
				<Command val="0"/>
				<Command val="2"/>
				<Command val="3001"/>
				<Command val="3"/>
				<Command val="2"/>
				<Command val="0"/>
				<Command val="4"/>
				<Command val="3001"/>
				<Command val="1"/>
				<Command val="0"/>
				<Command val="0"/>
				<Command val="2"/>
				<Command val="2000"/>
			</Component>
		</Animation>
		<Animation name="BurntDeath">
			<Component name="Torso" xyz="-2,-4,-2">
				<Command val="1016"/>
				<Command val="2"/>
				<Command val="2000"/>
			</Component>
			<Component name="Head" xyz="6,21,0">
				<Command val="1015"/>
				<Command val="2"/>
				<Command val="2000"/>
			</Component>
			<Component name="LFoot" xyz="5,88,2">
				<Command val="3001"/>
				<Command val="0"/>
				<Command val="4"/>
				<Command val="0"/>
				<Command val="4000"/>
				<Command val="0"/>
				<Command val="FFE2"/>
				<Command val="1019"/>
				<Command val="2"/>
				<Command val="2000"/>
			</Component>
			<Component name="RFoot" xyz="-34,-9,2">
				<Command val="3001"/>
				<Command val="FFFA"/>
				<Command val="6"/>
				<Command val="0"/>
				<Command val="101F"/>
				<Command val="2"/>
				<Command val="2000"/>
			</Component>
			<Component name="Eyes" xyz="30,-9,2">
				<Command val="3001"/>
				<Command val="FFFA"/>
				<Command val="6"/>
				<Command val="0"/>
				<Command val="1020"/>
				<Command val="2"/>
				<Command val="2000"/>
			</Component>
			<Component name="Mouth" xyz="4,54,2">
				<Command val="101A"/>
				<Command val="2"/>
				<Command val="2000"/>
			</Component>
			<Component name="LStache" xyz="4,32,2">
				<Command val="101B"/>
				<Command val="2"/>
				<Command val="2000"/>
			</Component>
			<Component name="RStache" xyz="-26,41,4">
				<Command val="4000"/>
				<Command val="0"/>
				<Command val="FFD3"/>
				<Command val="3001"/>
				<Command val="FFF8"/>
				<Command val="8"/>
				<Command val="0"/>
				<Command val="1017"/>
				<Command val="2"/>
				<Command val="2000"/>
			</Component>
			<Component name="Hat" xyz="33,40,4">
				<Command val="4000"/>
				<Command val="0"/>
				<Command val="2D"/>
				<Command val="3001"/>
				<Command val="8"/>
				<Command val="8"/>
				<Command val="0"/>
				<Command val="1018"/>
				<Command val="2"/>
				<Command val="2000"/>
			</Component>
			<Component name="RBrow" xyz="20,75,6">
				<Command val="3001"/>
				<Command val="0"/>
				<Command val="4"/>
				<Command val="0"/>
				<Command val="1022"/>
				<Command val="2"/>
				<Command val="2000"/>
			</Component>
			<Component name="LBrow" xyz="-11,73,6">
				<Command val="3001"/>
				<Command val="0"/>
				<Command val="4"/>
				<Command val="0"/>
				<Command val="1021"/>
				<Command val="2"/>
				<Command val="2000"/>
			</Component>
		</Animation>
		<Animation name="ChuckaCola">
			<Component name="ChuckaCola" xyz="1,-8,0">
				<Command val="1025"/>
				<Command val="2"/>
				<Command val="2000"/>
			</Component>
		</Animation>
	</AnimationList>
</SpriteSheet>
